,iter,acc_nni_id,acc_nni_count,score,is_nni_cred,is_nni_new,tree_pp,pcsp_pp,pcsp_pp_rank,node_count,edge_count,cred_edge_count,tree_count,adj_nni_count,new_adj_nni_count,cred_adj_nni_count,llhs_computed,nni_hash,parent,child,pcsp
0,1,0,1,-6884.741838670834,True,F,0.275824,0.3893147999999999,1,56,58,58,2.0,48,48,10,48,0xB001318C23201023,000011000000000000000000000|000000100000000000000000000,000010000000000000000000000|000001000000000000000000000,000000100000000000000000000|000011000000000000000000000|000001000000000000000000000
1,2,0,1,-6886.647545312056,True,F,0.47538800000000003,0.1206889999999999,1,58,63,63,4.0,49,1,9,49,0x2A180A008A0B7049,011011111110000000000000000|000100000000000000000000000,011000000000000000000000000|000011111110000000000000000,000100000000000000000000000|011011111110000000000000000|000011111110000000000000000
2,3,0,1,-6887.254882212541,True,F,0.568704,0.1011819,1,60,69,69,8.0,54,5,8,54,0x0015001801400408,000011101100000000000000000|000000010000000000000000000,000011100000000000000000000|000000001100000000000000000,000000010000000000000000000|000011101100000000000000000|000000001100000000000000000
3,4,0,1,-6888.076918337501,True,F,0.664829,0.0116998,3,62,74,74,12.0,61,7,7,61,0x2000804002024001,011000000000000000000000000|000111111110000000000000000,000100000000000000000000000|000011111110000000000000000,011000000000000000000000000|000111111110000000000000000|000011111110000000000000000
4,5,0,1,-6888.1180002681085,True,F,0.676581,0.0396917,1,64,79,79,24.0,66,5,6,66,0x00704990A0826840,000000000001000000000000000|000000000000111100000000000,000000000000100000000000000|000000000000011100000000000,000000000001000000000000000|000000000000111100000000000|000000000000011100000000000
5,6,0,1,-6888.929225609786,True,F,0.716517,0.0039068,5,66,85,84,32.0,69,3,5,69,0x61020B40A619E020,011111111100000000000000000|000000000010000000000000000,011100000000000000000000000|000011111100000000000000000,000000000010000000000000000|011111111100000000000000000|000011111100000000000000000
6,7,0,1,-6889.583400009979,True,F,0.720472,0.0043189,4,68,90,89,48.0,76,7,4,76,0x00215D0080C000D2,000000000001011100000000000|000000000000100000000000000,000000000001000000000000000|000000000000011100000000000,000000000000100000000000000|000000000001011100000000000|000000000000011100000000000
7,8,0,1,-6889.629918245135,True,F,0.7249,0.0060692,3,70,97,94,96.0,79,3,3,79,0x980808A03075600E,000000000000010100000000000|000000000000001000000000000,000000000000010000000000000|000000000000000100000000000,000000000000001000000000000|000000000000010100000000000|000000000000000100000000000
8,9,0,1,-6889.658968835714,True,F,0.731065,0.0091823,2,72,106,99,128.0,84,5,2,84,0xA0082C0C05D186A4,011111111110011100000000000|000000000001100000000000000,011111111110000000000000000|000000000000011100000000000,000000000001100000000000000|011111111110011100000000000|000000000000011100000000000
9,10,0,1,-6890.11626214677,True,F,0.7380009999999999,0.0273758999999999,3,74,115,105,160.0,99,15,3,99,0x82C28910C1290059,011111111111100000000000000|000000000000011100000000000,011111111110000000000000000|000000000001100000000000000,000000000000011100000000000|011111111111100000000000000|000000000001100000000000000
10,11,0,1,-6891.0731553033565,False,F,0.7652,0.0,3,76,122,105,240.0,114,15,2,114,0xA098B940094DA6C0,000011100000000000000000000|000000011100000000000000000,000000010000000000000000000|000000001100000000000000000,000011100000000000000000000|000000011100000000000000000|000000001100000000000000000
11,12,0,1,-6891.124354225994,False,F,0.7652,0.0,3,78,127,105,264.0,123,9,2,123,0x88027010E15128CC,000000000001111000000000000|000000000000000100000000000,000000000001100000000000000|000000000000011000000000000,000000000000000100000000000|000000000001111000000000000|000000000000011000000000000
12,13,0,1,-6891.56639708291,False,F,0.7652,0.0,3,80,132,105,528.0,128,5,2,128,0x4034424044131061,000000000000000000000001101|000000000000000000000000010,000000000000000000000001100|000000000000000000000000001,000000000000000000000000010|000000000000000000000001101|000000000000000000000000001
13,14,0,1,-6891.651229567391,False,F,0.7652,0.0,3,82,137,105,576.0,131,3,2,131,0x5CC03218A0D12909,000000000001011000000000000|000000000000100000000000000,000000000001000000000000000|000000000000011000000000000,000000000000100000000000000|000000000001011000000000000|000000000000011000000000000
14,15,0,1,-6891.765970350719,False,F,0.7652,0.0,3,84,142,105,864.0,134,3,2,134,0x081C8080D95C4284,000000000000000000000001110|000000000000000000000000001,000000000000000000000001100|000000000000000000000000010,000000000000000000000000001|000000000000000000000001110|000000000000000000000000010
15,16,0,1,-6891.82870324519,False,F,0.7652,0.0,3,86,149,105,1296.0,137,3,2,137,0x8D02120280100530,000010100000000000000000000|000001000000000000000000000,000010000000000000000000000|000000100000000000000000000,000001000000000000000000000|000010100000000000000000000|000000100000000000000000000
16,17,0,1,-6892.475561131611,False,F,0.7652,0.0,3,88,154,105,1440.0,142,5,2,142,0x025A284C0621C012,000010010000000000000000000|000001100000000000000000000,000010000000000000000000000|000000010000000000000000000,000001100000000000000000000|000010010000000000000000000|000000010000000000000000000
17,18,0,1,-6892.485207701582,False,F,0.7652,0.0,3,90,159,105,1584.0,145,3,2,145,0x6A1010780049C21A,000010000000000000000000000|000001110000000000000000000,000001100000000000000000000|000000010000000000000000000,000010000000000000000000000|000001110000000000000000000|000000010000000000000000000
18,19,0,1,-6892.816941379577,False,F,0.7652,0.0,3,92,166,105,1980.0,148,3,2,148,0x868405104B083082,011011111100000000000000000|000100000000000000000000000,011000000000000000000000000|000011111100000000000000000,000100000000000000000000000|011011111100000000000000000|000011111100000000000000000
19,20,0,1,-6892.830778930727,False,F,0.7652,0.0,3,94,171,105,2145.0,157,9,2,157,0x144C08040C111020,000000000001000000000000000|000000000000111000000000000,000000000000100000000000000|000000000000011000000000000,000000000001000000000000000|000000000000111000000000000|000000000000011000000000000
20,21,0,1,-6893.162638410606,False,F,0.7652,0.0,3,96,178,105,2574.0,160,3,2,160,0x46490880080A8A8A,011000000000000000000000000|000111111100000000000000000,000100000000000000000000000|000011111100000000000000000,011000000000000000000000000|000111111100000000000000000|000011111100000000000000000
21,22,0,1,-6893.531870655035,False,F,0.7652,0.0,3,98,183,105,3432.0,169,9,2,169,0x4915584504600011,000000000000000000000111100|000000000000000000000000011,000000000000000000000110000|000000000000000000000001100,000000000000000000000000011|000000000000000000000111100|000000000000000000000001100
22,23,0,1,-6893.645656508075,False,F,0.7652,0.0,3,100,193,105,4224.0,176,7,2,176,0x0E940444119108C9,011111111111111000000000000|000000000000000100000000000,011111111110000000000000000|000000000001111000000000000,000000000000000100000000000|011111111111111000000000000|000000000001111000000000000
23,24,0,1,-6893.729862661481,False,F,0.7652,0.0,3,101,196,105,4488.0,191,15,2,191,0x011488042C311208,000000000000111000000000000|000000000000000100000000000,000000000000100000000000000|000000000000011000000000000,000000000000000100000000000|000000000000111000000000000|000000000000011000000000000
24,25,0,1,-6894.327675034921,False,F,0.7652,0.0,3,103,206,107,5236.0,189,-2,2,189,0x0006048481820650,011100000010000000000000000|000011111100000000000000000,011100000000000000000000000|000000000010000000000000000,000011111100000000000000000|011100000010000000000000000|000000000010000000000000000
25,26,0,1,-6894.668610285484,False,F,0.7652,0.0,4,105,211,107,5544.0,204,15,3,204,0x00D17BA5C04A2082,000000000001011000000000000|000000000000100100000000000,000000000000100000000000000|000000000000000100000000000,000000000001011000000000000|000000000000100100000000000|000000000000000100000000000
26,27,0,1,-6895.199571663339,False,F,0.7652,0.0,4,107,220,107,7084.0,207,3,3,207,0x60F0120006028883,000000000000010000000000000|000000000000001100000000000,000000000000001000000000000|000000000000000100000000000,000000000000010000000000000|000000000000001100000000000|000000000000000100000000000
27,28,0,1,-6895.781481379958,False,F,0.7652,0.0,4,109,231,108,8008.0,216,9,3,216,0x024951060064A680,011111111110000100000000000|000000000001111000000000000,011111111110000000000000000|000000000000000100000000000,000000000001111000000000000|011111111110000100000000000|000000000000000100000000000
28,29,0,1,-6895.80770288145,False,F,0.7652,0.0,5,111,236,108,8316.0,233,17,4,233,0x1941944680D11A06,000000000001000100000000000|000000000000111000000000000,000000000001000000000000000|000000000000000100000000000,000000000000111000000000000|000000000001000100000000000|000000000000000100000000000
29,30,0,1,-6896.038049851497,False,F,0.7652,0.0,5,113,241,108,10395.0,236,3,4,236,0xD28000C30008C021,000000000000000000000110011|000000000000000000000001100,000000000000000000000110000|000000000000000000000000011,000000000000000000000001100|000000000000000000000110011|000000000000000000000000011
30,31,0,1,-6896.217270611374,False,F,0.7652,0.0,5,115,246,108,10780.0,243,7,4,243,0x021A014C04800008,000000000001110100000000000|000000000000001000000000000,000000000001100000000000000|000000000000010100000000000,000000000000001000000000000|000000000001110100000000000|000000000000010100000000000
31,32,0,1,-6896.675182602285,False,F,0.7652,0.0,5,117,255,108,11935.0,248,5,4,248,0x4040492811012130,011111111111000000000000000|000000000000100000000000000,011111111110000000000000000|000000000001000000000000000,000000000000100000000000000|011111111111000000000000000|000000000001000000000000000
32,33,0,1,-6896.7221366589665,False,F,0.7652,0.0,5,119,264,110,14260.0,259,11,4,259,0x82AD20005B220390,000011110010000000000000000|000000001100000000000000000,000011110000000000000000000|000000000010000000000000000,000000001100000000000000000|000011110010000000000000000|000000000010000000000000000
33,34,0,1,-6896.858982705945,False,F,0.7652,0.0,5,121,271,110,15640.0,272,13,4,272,0x8005003000810C08,000000000001110000000000000|000000000000001000000000000,000000000001100000000000000|000000000000010000000000000,000000000000001000000000000|000000000001110000000000000|000000000000010000000000000
34,35,0,1,-6896.898482937595,False,F,0.7652,0.0,5,123,280,110,18190.0,279,7,4,279,0x808600100461040A,000011110000000000000000000|000000001110000000000000000,000000001100000000000000000|000000000010000000000000000,000011110000000000000000000|000000001110000000000000000|000000000010000000000000000
35,36,0,2,-6896.942415044545,False,F,0.7652,0.0,5,124,283,110,18725.0,292,13,4,292,0x46A32640EE710801,000000000001011000000000000|000000000000000100000000000,000000000001000000000000000|000000000000011000000000000,000000000000000100000000000|000000000001011000000000000|000000000000011000000000000
36,36,1,2,-6896.942415044545,False,F,0.7652,0.0,5,124,283,110,18725.0,292,13,4,292,0x22216C8194684011,000000000001011100000000000|000000000000100000000000000,000000000001011000000000000|000000000000000100000000000,000000000000100000000000000|000000000001011100000000000|000000000000000100000000000
37,37,0,1,-6897.114833494166,False,F,0.7652,0.0,5,126,292,110,19950.0,290,-2,4,290,0x021070001F011400,000010000000000000000000000|000001111100000000000000000,000001110000000000000000000|000000001100000000000000000,000010000000000000000000000|000001111100000000000000000|000000001100000000000000000
38,38,0,1,-6897.118691383621,False,F,0.7652,0.0,5,128,301,110,21175.0,303,13,4,303,0x42023488C6802A00,000010001100000000000000000|000001110000000000000000000,000010000000000000000000000|000000001100000000000000000,000001110000000000000000000|000010001100000000000000000|000000001100000000000000000
39,39,0,1,-6897.136193283513,False,F,0.7652,0.0,5,129,304,110,23450.0,316,13,4,316,0x040500804D008802,000111111100000000000000000|000000000010000000000000000,000100000000000000000000000|000011111100000000000000000,000000000010000000000000000|000111111100000000000000000|000011111100000000000000000
40,40,0,1,-6897.171658780639,False,F,0.7652,0.0,5,131,313,110,25725.0,314,-2,4,314,0x1318153004C00448,000100000010000000000000000|000011111100000000000000000,000100000000000000000000000|000000000010000000000000000,000011111100000000000000000|000100000010000000000000000|000000000010000000000000000
41,41,0,1,-6897.187550641582,False,F,0.7652,0.0,5,133,318,110,26460.0,325,11,4,325,0x92CA2500E8481054,000000000001101000000000000|000000000000010100000000000,000000000001100000000000000|000000000000001000000000000,000000000000010100000000000|000000000001101000000000000|000000000000001000000000000
42,42,0,1,-6897.342812445086,False,F,0.7652,0.0,5,135,323,110,27195.0,330,5,4,330,0x8609602068000844,000000000001100100000000000|000000000000011000000000000,000000000001000000000000000|000000000000100100000000000,000000000000011000000000000|000000000001100100000000000|000000000000100100000000000
43,43,0,1,-6897.349177494059,False,F,0.7652,0.0,5,136,326,110,29600.0,335,5,4,335,0x45B108226008A402,011011111100000000000000000|000000000010000000000000000,011000000000000000000000000|000011111100000000000000000,000000000010000000000000000|011011111100000000000000000|000011111100000000000000000
44,44,0,1,-6897.409493883761,False,F,0.7652,0.0,5,138,335,110,32005.0,333,-2,4,333,0x0507431445800382,011000000010000000000000000|000011111100000000000000000,011000000000000000000000000|000000000010000000000000000,000011111100000000000000000|011000000010000000000000000|000000000010000000000000000
45,45,0,1,-6897.41494409713,True,F,0.7652,0.1447289,1,140,344,114,32870.0,346,13,4,346,0x1042020A42403000,011111111110011000000000000|000000000000000100000000000,011111111110000000000000000|000000000000011000000000000,000000000000000100000000000|011111111110011000000000000|000000000000011000000000000
46,46,0,1,-6897.497897836107,False,F,0.7652,0.0,4,142,349,114,65740.0,359,13,3,359,0x2541040214198310,000000000000000001000000000|000000000000000000111000000,000000000000000000110000000|000000000000000000001000000,000000000000000001000000000|000000000000000000111000000|000000000000000000001000000
47,47,0,1,-6897.906073474129,False,F,0.7652,0.0,4,144,354,114,67470.0,362,3,3,362,0x000C0300852A0104,000000000001001000000000000|000000000000100000000000000,000000000001000000000000000|000000000000001000000000000,000000000000100000000000000|000000000001001000000000000|000000000000001000000000000
48,48,0,1,-6898.0955521593405,False,F,0.7652,0.0,4,146,359,114,71760.0,363,1,3,363,0xC031D0C86204D381,000010000000000000000000000|000001101100000000000000000,000001100000000000000000000|000000001100000000000000000,000010000000000000000000000|000001101100000000000000000|000000001100000000000000000
49,49,0,2,-6898.181213738804,False,F,0.7652,0.0,4,147,362,114,76050.0,368,5,3,368,0x440A7E8E66006000,000010001100000000000000000|000001100000000000000000000,000010000000000000000000000|000000001100000000000000000,000001100000000000000000000|000010001100000000000000000|000000001100000000000000000
50,49,1,2,-6898.181213738804,False,F,0.7652,0.0,4,147,362,114,76050.0,368,5,3,368,0x1514408B4000A00A,000011101100000000000000000|000000010000000000000000000,000010001100000000000000000|000001100000000000000000000,000000010000000000000000000|000011101100000000000000000|000001100000000000000000000
51,50,0,1,-6898.200396879392,False,F,0.7652,0.0,4,149,369,114,85800.0,368,0,3,368,0x722A40209834004C,000000000000110000000000000|000000000000001000000000000,000000000000100000000000000|000000000000010000000000000,000000000000001000000000000|000000000000110000000000000|000000000000010000000000000
52,51,0,1,-6898.239577547196,False,F,0.7652,0.0,4,151,374,114,102960.0,373,5,3,373,0x0E05004C500D4000,000000000000000000000111101|000000000000000000000000010,000000000000000000000111100|000000000000000000000000001,000000000000000000000000010|000000000000000000000111101|000000000000000000000000001
53,52,0,1,-6898.378215354513,False,F,0.7652,0.0,4,153,379,114,105300.0,376,3,3,376,0xA214CA4602340C56,000000000001000000000000000|000000000000110100000000000,000000000000100000000000000|000000000000010100000000000,000000000001000000000000000|000000000000110100000000000|000000000000010100000000000
54,53,0,1,-6898.48593582188,True,F,0.7652,0.043174,2,154,382,117,107640.0,379,3,3,379,0x0A040C501C790682,011111111110011100000000000|000000000001100000000000000,011111111110000100000000000|000000000000011000000000000,000000000001100000000000000|011111111110011100000000000|000000000000011000000000000
55,54,0,1,-6898.516433403202,False,F,0.7652,0.0,2,155,391,117,115920.0,379,0,1,379,0x04400880430A8208,011000000010000000000000000|000111111100000000000000000,000100000000000000000000000|000011111100000000000000000,011000000010000000000000000|000111111100000000000000000|000011111100000000000000000
56,55,0,2,-6898.535157703443,False,F,0.7652,0.0,2,156,394,117,124200.0,391,12,1,391,0x0402442446860000,011000000010000000000000000|000100000000000000000000000,011000000000000000000000000|000000000010000000000000000,000100000000000000000000000|011000000010000000000000000|000000000010000000000000000
57,55,1,2,-6898.535157703443,False,F,0.7652,0.0,2,156,394,117,124200.0,391,12,1,391,0x0802448444A20418,011100000010000000000000000|000011111100000000000000000,011000000010000000000000000|000100000000000000000000000,000011111100000000000000000|011100000010000000000000000|000100000000000000000000000
58,56,0,1,-6898.535910877919,False,F,0.7652,0.0,2,158,401,117,125856.0,389,-2,1,389,0xD0B0811110E1488E,000010000010000000000000000|000001111100000000000000000,000010000000000000000000000|000000000010000000000000000,000001111100000000000000000|000010000010000000000000000|000000000010000000000000000
59,57,0,1,-6898.60761825707,False,F,0.7652,0.0,2,159,404,117,128592.0,396,7,1,396,0x0612303000000815,000000000001100100000000000|000000000000011000000000000,000000000001100000000000000|000000000000000100000000000,000000000000011000000000000|000000000001100100000000000|000000000000000100000000000
60,58,0,2,-6898.637185004862,False,F,0.7652,0.0,2,160,407,117,131328.0,394,-2,1,394,0xA205924000040854,000000000000110100000000000|000000000000001000000000000,000000000000100000000000000|000000000000010100000000000,000000000000001000000000000|000000000000110100000000000|000000000000010100000000000
61,58,1,2,-6898.637185004862,False,F,0.7652,0.0,2,160,407,117,131328.0,394,-2,1,394,0x2000200020044964,000000000001000000000000000|000000000000111100000000000,000000000000110100000000000|000000000000001000000000000,000000000001000000000000000|000000000000111100000000000|000000000000001000000000000
62,59,0,1,-6898.6379405552125,False,F,0.7652,0.0,2,162,412,117,196992.0,392,-2,1,392,0x08004444C10408E8,000000000000000001001000000|000000000000000000110000000,000000000000000001000000000|000000000000000000001000000,000000000000000000110000000|000000000000000001001000000|000000000000000000001000000
63,60,0,1,-6898.771461285693,False,F,0.7652,0.0,2,164,417,117,229824.0,395,3,1,395,0x490009C309008C01,000000000000000000000001011|000000000000000000000000100,000000000000000000000001000|000000000000000000000000011,000000000000000000000000100|000000000000000000000001011|000000000000000000000000011
64,61,0,2,-6898.881577441067,False,F,0.7652,0.0,2,165,420,117,234612.0,398,3,1,398,0x0206015050244401,000000000001001000000000000|000000000000110100000000000,000000000001000000000000000|000000000000001000000000000,000000000000110100000000000|000000000001001000000000000|000000000000001000000000000
65,61,1,2,-6898.881577441067,False,F,0.7652,0.0,2,165,420,117,234612.0,398,3,1,398,0x831681404AA40400,000000000001001000000000000|000000000000110100000000000,000000000000100000000000000|000000000000010100000000000,000000000001001000000000000|000000000000110100000000000|000000000000010100000000000
66,62,0,1,-6898.997132172995,False,F,0.7652,0.0,2,166,429,117,250047.0,398,0,1,398,0x81340D025A968401,011011111100000000000000000|000100000010000000000000000,011000000000000000000000000|000011111100000000000000000,000100000010000000000000000|011011111100000000000000000|000011111100000000000000000
67,63,0,2,-6899.009966650961,False,F,0.7652,0.0,2,167,432,117,265482.0,410,12,1,410,0x18002450C4400D70,011100000010000000000000000|000011111100000000000000000,011000000000000000000000000|000100000010000000000000000,000011111100000000000000000|011100000010000000000000000|000100000010000000000000000
68,63,1,2,-6899.009966650961,False,F,0.7652,0.0,2,167,432,117,265482.0,410,12,1,410,0x1101141844412461,011000000000000000000000000|000100000010000000000000000,000100000000000000000000000|000000000010000000000000000,011000000000000000000000000|000100000010000000000000000|000000000010000000000000000
69,64,0,1,-6899.051624776748,False,F,0.7652,0.0,2,169,437,117,303408.0,410,0,1,410,0x0190F0880860D138,000000000000000000000111110|000000000000000000000000001,000000000000000000000111100|000000000000000000000000010,000000000000000000000000001|000000000000000000000111110|000000000000000000000000010
70,65,0,2,-6899.486423750297,False,F,0.7652,0.0,2,170,440,117,321984.0,413,3,1,413,0x243CCDA41DA4D050,000000000001000000000000000|000000000000110000000000000,000000000000100000000000000|000000000000010000000000000,000000000001000000000000000|000000000000110000000000000|000000000000010000000000000
71,65,1,2,-6899.486423750297,False,F,0.7652,0.0,2,170,440,117,321984.0,413,3,1,413,0xA005283608810C10,000000000001110000000000000|000000000000001000000000000,000000000001000000000000000|000000000000110000000000000,000000000000001000000000000|000000000001110000000000000|000000000000110000000000000
72,66,0,1,-6899.62050259108,False,F,0.7652,0.0,2,172,445,117,362232.0,411,-2,1,411,0x1C0080000228C02E,000000000000000000000110001|000000000000000000000000010,000000000000000000000110000|000000000000000000000000001,000000000000000000000000010|000000000000000000000110001|000000000000000000000000001
73,67,0,2,-6900.1605112388925,False,F,0.7652,0.0,2,173,448,117,402480.0,414,3,1,414,0x06010040100D0001,000000000000000000000111101|000000000000000000000000010,000000000000000000000110001|000000000000000000000001100,000000000000000000000000010|000000000000000000000111101|000000000000000000000001100
74,67,1,2,-6900.1605112388925,False,F,0.7652,0.0,2,173,448,117,402480.0,414,3,1,414,0x0421020002282024,000000000000000000000110001|000000000000000000000001100,000000000000000000000110000|000000000000000000000000001,000000000000000000000001100|000000000000000000000110001|000000000000000000000000001
75,68,0,1,-6900.213225200786,False,F,0.7652,0.0,2,175,455,117,441180.0,414,0,1,414,0x0100118480D2002A,000000000001010000000000000|000000000000001000000000000,000000000001000000000000000|000000000000010000000000000,000000000000001000000000000|000000000001010000000000000|000000000000010000000000000
76,69,0,1,-6900.218968966907,False,F,0.7652,0.0,2,177,460,117,448920.0,419,5,1,419,0x0A2A040120040031,000000000001000000000000000|000000000000101000000000000,000000000000100000000000000|000000000000001000000000000,000000000001000000000000000|000000000000101000000000000|000000000000001000000000000
77,70,0,1,-6900.598849388458,False,F,0.7652,0.0,2,179,465,117,493812.0,420,1,1,420,0x0C021AA000020089,000000000000000000000001000|000000000000000000000000111,000000000000000000000000100|000000000000000000000000011,000000000000000000000001000|000000000000000000000000111|000000000000000000000000011
78,71,0,1,-6900.646152482192,False,F,0.7652,0.0,2,181,470,117,538704.0,423,3,1,423,0x1222200F40523859,000000000000000000000110010|000000000000000000000001101,000000000000000000000110000|000000000000000000000000010,000000000000000000000001101|000000000000000000000110010|000000000000000000000000010
79,72,0,1,-6900.703575084337,False,F,0.7652,0.0,2,183,475,117,547992.0,428,5,1,428,0x000A1CB9402605A8,000000000001010100000000000|000000000000101000000000000,000000000001000000000000000|000000000000010100000000000,000000000000101000000000000|000000000001010100000000000|000000000000010100000000000
80,73,0,1,-6900.763263419989,False,F,0.7652,0.0,2,184,479,117,566568.0,433,5,1,433,0x0003123980D21910,011111111110011000000000000|000000000001100100000000000,011111111110000000000000000|000000000000011000000000000,000000000001100100000000000|011111111110011000000000000|000000000000011000000000000
81,74,0,2,-6900.776437103363,False,F,0.7652,0.0,2,185,483,117,585144.0,435,2,1,435,0x0611941000102015,000000000001100100000000000|000000000000011000000000000,000000000001000100000000000|000000000000100000000000000,000000000000011000000000000|000000000001100100000000000|000000000000100000000000000
82,74,1,2,-6900.776437103363,False,F,0.7652,0.0,2,185,483,117,585144.0,435,2,1,435,0x0C1194518490700D,000000000001000100000000000|000000000000100000000000000,000000000001000000000000000|000000000000000100000000000,000000000000100000000000000|000000000001000100000000000|000000000000000100000000000
83,75,0,1,-6900.918067370508,False,F,0.7652,0.0,2,187,494,117,828954.0,435,0,1,435,0x56C8026207209040,000000000000000001111110000|000000000000000000000001111,000000000000000001111000000|000000000000000000000110000,000000000000000000000001111|000000000000000001111110000|000000000000000000000110000
84,76,0,1,-6900.962902394853,False,F,0.7652,0.0,2,189,501,117,1002456.0,454,19,1,454,0x0D08005000444000,000001000000000000000000000|000000110000000000000000000,000000100000000000000000000|000000010000000000000000000,000001000000000000000000000|000000110000000000000000000|000000010000000000000000000
85,77,0,1,-6900.966442799478,False,F,0.7652,0.0,2,190,506,117,1050192.0,459,5,1,459,0x1283105010034180,000000000001001000000000000|000000000000110000000000000,000000000001000000000000000|000000000000001000000000000,000000000000110000000000000|000000000001001000000000000|000000000000001000000000000
86,78,0,2,-6901.097748755832,False,F,0.7652,0.0,2,191,509,117,1111968.0,466,7,1,466,0x0605404051000000,000000000000000000000111101|000000000000000000000000010,000000000000000000000110000|000000000000000000000001101,000000000000000000000000010|000000000000000000000111101|000000000000000000000001101
87,78,1,2,-6901.097748755832,False,F,0.7652,0.0,2,191,509,117,1111968.0,466,7,1,466,0x15244640D4400072,000000000000000000000110000|000000000000000000000001101,000000000000000000000001100|000000000000000000000000001,000000000000000000000110000|000000000000000000000001101|000000000000000000000000001
88,79,0,2,-6901.166642318443,False,F,0.7652,0.0,2,192,516,117,1263600.0,466,0,1,466,0x9842011068C20056,000000000001101000000000000|000000000000010000000000000,000000000001100000000000000|000000000000001000000000000,000000000000010000000000000|000000000001101000000000000|000000000000001000000000000
89,79,1,2,-6901.166642318443,False,F,0.7652,0.0,2,192,516,117,1263600.0,466,0,1,466,0xC906103A6840484C,000000000001111000000000000|000000000000000100000000000,000000000001101000000000000|000000000000010000000000000,000000000000000100000000000|000000000001111000000000000|000000000000010000000000000
90,80,0,1,-6901.203804037234,False,F,0.7652,0.0,2,194,527,117,1314144.0,469,3,1,469,0x814B4AE0A8905120,011111111110100000000000000|000000000001000000000000000,011111111110000000000000000|000000000000100000000000000,000000000001000000000000000|011111111110100000000000000|000000000000100000000000000
91,81,0,1,-6901.293784280241,True,F,0.7652,0.0995679,1,196,543,124,1389960.0,484,15,1,484,0x10B4E040000A0000,011111110010000000000000000|000000001100000000000000000,011100000010000000000000000|000011110000000000000000000,000000001100000000000000000|011111110010000000000000000|000011110000000000000000000
92,82,0,1,-6893.661778265917,False,F,0.8620089999999999,0.0,4,198,549,124,1393848.0,513,29,3,513,0xA482651019002A10,011111110010000000000000000|000000001100011000000000000,000000001100000000000000000|000000000000011000000000000,011111110010000000000000000|000000001100011000000000000|000000000000011000000000000
93,83,0,1,-6893.692812194201,False,F,0.8620089999999999,0.0,4,200,555,124,1397736.0,522,9,3,522,0x02160420108C0923,011111110010011000000000000|000000001100000000000000000,011111110010000000000000000|000000000000011000000000000,000000001100000000000000000|011111110010011000000000000|000000000000011000000000000
94,84,0,1,-6899.569618338734,True,F,0.8620089999999999,0.0442424,2,202,567,130,1473552.0,531,9,3,531,0x8300103823098840,011111111010000000000000000|000000000100000000000000000,011111110010000000000000000|000000001000000000000000000,000000000100000000000000000|011111111010000000000000000|000000001000000000000000000
95,85,0,2,-6901.327278984871,False,F,0.8995979999999998,0.0,3,203,570,130,1492344.0,548,17,2,548,0x02217CB484407089,000000000001011100000000000|000000000000100000000000000,000000000001001000000000000|000000000000010100000000000,000000000000100000000000000|000000000001011100000000000|000000000000010100000000000
96,85,1,2,-6901.327278984871,False,F,0.8995979999999998,0.0,3,203,570,130,1492344.0,548,17,2,548,0x02851250C4004085,000000000001001000000000000|000000000000010100000000000,000000000001000000000000000|000000000000001000000000000,000000000000010100000000000|000000000001001000000000000|000000000000001000000000000
97,86,0,1,-6901.330937561978,False,F,0.8995979999999998,0.0,3,204,575,130,1548720.0,548,0,2,548,0x2405100020000158,000000000000110100000000000|000000000000001000000000000,000000000000110000000000000|000000000000000100000000000,000000000000001000000000000|000000000000110100000000000|000000000000000100000000000
98,87,0,1,-6901.399433200901,False,F,0.8995979999999998,0.0,3,206,588,130,1947240.0,547,-1,2,547,0x81A488A0A0E28000,000011111000000000000000000|000000000100000000000000000,000011110000000000000000000|000000001000000000000000000,000000000100000000000000000|000011111000000000000000000|000000001000000000000000000
99,88,0,1,-6901.459047234008,False,F,0.8995979999999998,0.0,3,208,598,130,2002968.0,566,19,2,566,0x81C40060E6A001A2,011111110000000000000000000|000000000010000000000000000,011100000000000000000000000|000011110000000000000000000,000000000010000000000000000|011111110000000000000000000|000011110000000000000000000
100,89,0,2,-6901.633700397193,False,F,0.8995979999999998,0.0,3,209,601,130,2027268.0,581,15,2,581,0x00050A8510480701,000000000000100100000000000|000000000000011000000000000,000000000000100000000000000|000000000000000100000000000,000000000000011000000000000|000000000000100100000000000|000000000000000100000000000
101,89,1,2,-6901.633700397193,False,F,0.8995979999999998,0.0,3,209,601,130,2027268.0,581,15,2,581,0x20200881309C0F05,000000000001000000000000000|000000000000111100000000000,000000000000100100000000000|000000000000011000000000000,000000000001000000000000000|000000000000111100000000000|000000000000011000000000000
102,90,0,1,-6901.717218073613,False,F,0.8995979999999998,0.0,3,210,604,130,2139894.0,581,0,2,581,0x8236200700203069,000000000000000000000110010|000000000000000000000000001,000000000000000000000110000|000000000000000000000000010,000000000000000000000000001|000000000000000000000110010|000000000000000000000000010
103,91,0,2,-6901.74806593617,False,F,0.8995979999999998,0.0,3,211,608,130,2225052.0,579,-2,2,579,0x2060708003050472,000010000000000000000000000|000001111100000000000000000,000001101100000000000000000|000000010000000000000000000,000010000000000000000000000|000001111100000000000000000|000000010000000000000000000
104,91,1,2,-6901.74806593617,False,F,0.8995979999999998,0.0,3,211,608,130,2225052.0,579,-2,2,579,0x482158D82204A243,000001101100000000000000000|000000010000000000000000000,000001100000000000000000000|000000001100000000000000000,000000010000000000000000000|000001101100000000000000000|000000001100000000000000000
105,92,0,2,-6901.812033288179,False,F,0.8995979999999998,0.0,3,212,617,130,2296017.0,579,0,2,579,0x40482C1C08254102,000010010000000000000000000|000001101100000000000000000,000010000000000000000000000|000000010000000000000000000,000001101100000000000000000|000010010000000000000000000|000000010000000000000000000
106,92,1,2,-6901.812033288179,False,F,0.8995979999999998,0.0,3,212,617,130,2296017.0,579,0,2,579,0x5801D898C0044102,000010010000000000000000000|000001101100000000000000000,000001100000000000000000000|000000001100000000000000000,000010010000000000000000000|000001101100000000000000000|000000001100000000000000000
107,93,0,1,-6901.865789475697,False,F,0.8995979999999998,0.0,3,214,627,130,2506005.0,591,12,2,591,0x00B1410907006010,000011010000000000000000000|000000100000000000000000000,000011000000000000000000000|000000010000000000000000000,000000100000000000000000000|000011010000000000000000000|000000010000000000000000000
108,94,0,1,-6901.875530921965,False,F,0.8995979999999998,0.0,3,216,641,130,2566083.0,604,13,2,604,0xE214A52288A11B4B,011111111111011000000000000|000000000000100100000000000,011111111110000000000000000|000000000001011000000000000,000000000000100100000000000|011111111111011000000000000|000000000001011000000000000
109,95,0,2,-6901.877679926069,False,F,0.8995979999999998,0.0,3,217,649,130,2781087.0,629,25,2,629,0x94413B8CA1051007,000011000000000000000000000|000000110000000000000000000,000010000000000000000000000|000001000000000000000000000,000000110000000000000000000|000011000000000000000000000|000001000000000000000000000
110,95,1,2,-6901.877679926069,False,F,0.8995979999999998,0.0,3,217,649,130,2781087.0,629,25,2,629,0x9D48801000450C02,000011000000000000000000000|000000110000000000000000000,000000100000000000000000000|000000010000000000000000000,000011000000000000000000000|000000110000000000000000000|000000010000000000000000000
111,96,0,2,-6901.938914709275,False,F,0.8995979999999998,0.0,3,218,655,130,2976369.0,639,10,2,639,0xD85020102096093C,000000000001011000000000000|000000000000100000000000000,000000000001001000000000000|000000000000010000000000000,000000000000100000000000000|000000000001011000000000000|000000000000010000000000000
112,96,1,2,-6901.938914709275,False,F,0.8995979999999998,0.0,3,218,655,130,2976369.0,639,10,2,639,0x1003011010060584,000000000001001000000000000|000000000000010000000000000,000000000001000000000000000|000000000000001000000000000,000000000000010000000000000|000000000001001000000000000|000000000000001000000000000
113,97,0,2,-6902.067109932093,False,F,0.8995979999999998,0.0,3,219,658,130,3133020.0,640,1,2,640,0x0844918503542104,000000000000000000000110001|000000000000000000000001110,000000000000000000000001100|000000000000000000000000010,000000000000000000000110001|000000000000000000000001110|000000000000000000000000010
114,97,1,2,-6902.067109932093,False,F,0.8995979999999998,0.0,3,219,658,130,3133020.0,640,1,2,640,0x0D04B3110600202E,000000000000000000000110001|000000000000000000000001110,000000000000000000000110000|000000000000000000000000001,000000000000000000000001110|000000000000000000000110001|000000000000000000000000001
115,98,0,1,-6902.096614439379,True,F,0.8995979999999998,0.0119281999999999,2,220,664,133,3224220.0,640,0,2,640,0x048560004B0201B8,011100000000000000000000000|000011110010000000000000000,000011110000000000000000000|000000000010000000000000000,011100000000000000000000000|000011110010000000000000000|000000000010000000000000000
116,99,0,1,-6899.199629053525,False,F,0.9048669999999998,0.0,2,222,670,133,3233820.0,646,6,1,646,0xA00000214B535010,011111111010011000000000000|000000000100000000000000000,011111111010000000000000000|000000000000011000000000000,000000000100000000000000000|011111111010011000000000000|000000000000011000000000000
117,100,0,1,-6899.200844705247,False,F,0.9048669999999998,0.0,2,224,676,133,3243420.0,653,7,1,653,0x442147D319169F04,011111111010000000000000000|000000000100011000000000000,000000000100000000000000000|000000000000011000000000000,011111111010000000000000000|000000000100011000000000000|000000000000011000000000000
118,101,0,1,-6899.94748413144,False,F,0.9048669999999998,0.0,2,226,682,133,3253020.0,660,7,1,660,0x0D5C0816C022E219,011111110110011000000000000|000000001000000000000000000,011111110010011000000000000|000000000100000000000000000,000000001000000000000000000|011111110110011000000000000|000000000100000000000000000
119,102,0,1,-6902.218959993011,False,F,0.9048669999999998,0.0,2,228,689,136,3262620.0,665,5,1,665,0x02016830D0102400,011111110110000000000000000|000000000000011000000000000,011111110010000000000000000|000000000100000000000000000,000000000000011000000000000|011111110110000000000000000|000000000100000000000000000
120,103,0,1,-6896.936139644116,True,F,0.9048669999999998,0.0335089,2,229,700,140,3481020.0,674,9,2,674,0xC040123891920125,011111111110000000000000000|000000000000011000000000000,011111110110000000000000000|000000001000000000000000000,000000000000011000000000000|011111111110000000000000000|000000001000000000000000000
121,104,0,1,-6902.279036467842,False,F,0.9487019999999997,0.0,1,231,706,140,3490620.0,688,14,0,688,0x2220000501800404,011111110110000000000000000|000000001000011000000000000,000000001000000000000000000|000000000000011000000000000,011111110110000000000000000|000000001000011000000000000|000000000000011000000000000
